{"pitch": [-2.9170793047299357, 11.391254536985734, 207.63098600265982, 46.77559025099014], "energy": [-1.431044578552246, 8.184337615966797, 37.3262167905376, 26.044180782479284]}