{"pitch": [-3.02385649430702, 11.161797245835094, 208.38155481518422, 47.6699293254761], "energy": [-1.3667188882827759, 8.181726455688477, 37.117328917561395, 27.132848242939392]}