{"pitch": [-3.465824684532372, 13.197745351294227, 189.26960780845567, 36.70646831206614], "energy": [-1.3272985219955444, 6.523194789886475, 40.401616327295656, 30.425847110756564]}